id,nombre,email,fecha,nota
1,Juan Vega,juan.vega at hotmail.com,2025-06-15,64
2,Andrés Gómez,andrés.gómez@hotmail.com,19/01/2025,80
3,Laura García,laura.garcía@yahoo.com,2025-06-02,80
4,Valeria Flores,valeria.flores@example.com,2025-06-03,62
5,Pedro Flores,pedro.flores@hotmail.com,28/05/2025,65
6,Andrés Medina,andrés.medina@example.com,19/12/2025,66
7,Juan Jiménez,juan.jiménez at gmail.com,2025-10-30,92
8,Ricardo Silva,ricardo.silva@example.com,09/09/2025,87
9,Ana Vega,ana.vega@hotmail.com,06-02-2025,60
10,Ricardo Torres,ricardo.torres@domain.com,23-02-2025,60
11,Fernando Gómez,fernando.gómez@yahoo.com,15/06/2025,62
12,Diego López,diego.lópez@gmail.com,03/09/2025,70
13,Luisa Gómez,luisa.gómez@gmail.com,27-04-2025,60
14,Elena Ortiz,elena.ortiz at domain.com,2025-04-24,63
15,Miguel Ramírez,miguel.ramírez@example.com,01/05/2025,69
16,Ana Mora,ana.mora@yahoo.com,2025/06/07,78
17,Andrés Gómez,"andrés,gómez@hotmail.com",2025/05/17,63
18,Jorge Castro, jorge.castro@example.com ,27-11-2025,95
19,Camila Fernández,"camila,fernández@domain.com",2025-08-24,93
20,Isabel Ortiz,isabel.ortiz@domain.com,2025-01-31,70
21,María Jiménez,maría.jiménez@@gmail.com,2025/06/07,97
22,Luisa Fernández,luisa.fernández@domain.com,09-02-2025,75
23,Fernando Díaz,FERNANDO.DÍAZ@YAHOO.COM,2025-08-13,86
24,Daniel Gómez,daniel.gómez@example.com,2025/02/19,85
25,Valeria López,valeria.lópez@@hotmail.com,2025/03/21,76
26,Laura Ramírez,laura.ramírez@example.com,09/07/2025,78
27,Elena Gómez,elena.gómez@hotmail.com,30-05-2025,70
28,Alicia Castro, alicia.castro@example.com ,2025-11-24,80
29,Luisa Flores,luisa.flores@domain.com,09-11-2025,73
30,Camila Ruiz,camila.ruiz@example.com,2025/04/10,76
31,Elena García,ELENA.GARCÍA@YAHOO.COM,2025-09-01,64
32,Elena Gómez,elena.gómez@domain.com,2025-12-20,75
33,Miguel Ortiz,miguel.ortiz@@example.com,07/10/2025,89
34,Ricardo Ramírez, ricardo.ramírez@hotmail.com ,2025/03/18,76
35,Camila Flores, camila.flores@example.com ,02-11-2025,69
36,Diego Jiménez,diego.jiménez@example.com,2025/12/02,73
37,Camila López,"camila,lópez@hotmail.com",2025-07-06,81
38,Daniel Mora,daniel.mora@gamil.com,04-06-2025,69
39,Daniel García, daniel.garcía@example.com ,10/06/2025,90
40,Pedro Fernández,pedro.fernández@domain.com,19/10/2025,64
41,Fernando Silva,fernando.silva@hotmail.com,09-09-2025,65
42,Diego Rojas,diego.rojas at gmail.com,02/09/2025,81
43,Juan Castro,juan.castro@gmail.com,17-10-2025,83
44,Sofía Flores,SOFÍA.FLORES@DOMAIN.COM,10-01-2025,73
45,Ana Silva, ana.silva@yahoo.com ,2025/10/13,61
46,Jorge Torres,jorge.torres@domain.com,31-08-2025,85
47,Laura Fernández,laura.fernández@yahoo.com,28-05-2025,92
48,Jorge Medina,jorge.medina@example.com,2025/12/15,64
49,Sofía Castro,sofía.castro@example.com,06-11-2025,64
50,Isabel Flores,isabel.flores@domain.com,2025-04-04,68
51,Diego Flores,diego.flores@domain.com,2025/04/23,77
52,Pedro Fernández,pedro.fernández@hotmail.com,2025/07/04,79
53,Camila Ortiz,"camila,ortiz@yahoo.com",2025/01/21,62
54,Andrés Díaz,andrés.díaz at example.com,2025-02-21,69
55,Laura Pérez,laura.pérez@domain.com,18/01/2025,92
56,Camila Medina,camila.medina@gmail.com,16/09/2025,96
57,Fernando Torres,"fernando,torres@gmail.com",2025/06/29,94
58,Valeria Gómez,valeria.gómez@gamil.com,23/09/2025,99
59,Valeria Rojas,valeria.rojas@domain.com,2025/01/05,86
60,Miguel Flores,miguel.flores@gamil.com,2025/11/15,97
61,Camila Sánchez,camila.sánchez@gmail.com,2025/11/17,75
62,Juan Ortiz,juan.ortiz at gmail.com,28-05-2025,79
63,Fernando Sánchez,FERNANDO.SÁNCHEZ@EXAMPLE.COM,23-08-2025,95
64,Elena Jiménez,elena.jiménez at hotmail.com,2025-09-01,99
65,Luisa Ruiz,luisa.ruiz@gmail.com,2025/10/14,65
66,Diego Gómez,diego.gómez@hotmail.com,01-05-2025,86
67,Alicia Martínez,alicia.martínez@yahoo.com,2025/04/03,100
68,Ricardo Torres,ricardo.torres@hotmail.com,17-04-2025,83
69,Sofía Díaz,sofía.díaz at example.com,2025/03/09,98
70,Luisa Fernández,luisa.fernández@example.com,30/03/2025,77
71,Juan Flores,juan.flores@yahoo.com,2025-05-03,75
72,María Castro, maría.castro@gmail.com ,30-03-2025,80
73,Alicia Fernández, alicia.fernández@hotmail.com ,28-07-2025,79
74,Isabel López,isabel.lópez at domain.com,2025/07/14,87
75,Daniel Silva,daniel.silva@yahoo.com,31-01-2025,93
76,Juan Ruiz,juan.ruiz@@yahoo.com,2025-02-11,84
77,Daniel Jiménez,daniel.jiménez@yahoo.com,2025/02/15,75
78,Diego Martínez,diego.martínez@hotmail.com,14/02/2025,96
79,Carlos Díaz,carlos.díaz@example.com,04-04-2025,60
80,Miguel Ortiz,miguel.ortiz@hotmail.com,2025-02-20,64
81,Miguel Silva,miguel.silva@example.com,2025/11/13,68
82,Carlos Silva,carlos.silva@domain.com,12-08-2025,77
83,Pedro Fernández, pedro.fernández@domain.com ,23/11/2025,93
84,Fernando Torres,fernando.torres@domain.com,07/12/2025,70
85,Diego Ortiz,diego.ortiz@domain.com,2025/06/14,76
86,Luisa Silva,luisa.silva@gmail.com,09-09-2025,71
87,Jorge Ruiz,jorge.ruiz@hotmail.com,06-11-2025,68
88,Ana Rojas,ana.rojas@domain.com,24/06/2025,78
89,Miguel Ramírez,miguel.ramírez@@example.com,2025/06/25,86
90,Daniel Pérez,daniel.pérez@gamil.com,2025/08/31,61
91,Valeria Flores,valeria.flores@gmail.com,30/05/2025,77
92,Fernando Ortiz,fernando.ortiz@domain.com,2025/03/04,74
93,Luisa López,luisa.lópez@yahoo.com,12/05/2025,100
94,Sofía Pérez,sofía.pérez@yahoo.com,2025-02-19,95
95,Valeria Martínez,valeria.martínez@hotmail.com,2025/11/08,89
96,Ricardo Ortiz,ricardo.ortiz@yahoo.com,2025-04-23,99
97,Luisa Silva,luisa.silva@@gmail.com,2025/09/07,80
98,Daniel Silva, daniel.silva@domain.com ,2025/12/26,72
99,Juan Pérez, juan.pérez@example.com ,14-12-2025,69
100,Isabel Fernández,isabel.fernández@yahoo.com,2025-01-13,84
101,Fernando Sánchez,fernando.sánchez@example.com,2025-01-02,63
102,Jorge Martínez,"jorge,martínez@hotmail.com",2025/09/19,95
103,Ana Martínez,"ana,martínez@domain.com",11/01/2025,86
104,Valeria Sánchez,valeria.sánchez@domain.com,05/03/2025,79
105,Valeria Sánchez, valeria.sánchez@example.com ,2025-02-05,78
106,Pedro Castro,pedro.castro@domain.com,06/07/2025,76
107,Luisa Rojas,LUISA.ROJAS@DOMAIN.COM,26-10-2025,61
108,Juan García,juan.garcía@example.com,2025-08-21,87
109,Isabel Jiménez,isabel.jiménez@gmail.com,2025-01-21,96
110,Isabel Gómez,isabel.gómez@example.com,2025/02/06,67
111,Camila Vega,camila.vega@@example.com,2025/03/24,74
112,Elena Fernández,elena.fernández at hotmail.com,19/12/2025,69
113,Elena Pérez,elena.pérez@domain.com,2025/01/20,91
114,Daniel Sánchez,daniel.sánchez@gamil.com,2025-06-14,91
115,Laura Ramírez,laura.ramírez@domain.com,2025-10-10,63
116,Isabel López,isabel.lópez@yahoo.com,2025-07-15,90
117,Ana Fernández,ana.fernández@domain.com,2025/10/30,96
118,Elena Medina,elena.medina@yahoo.com,2025/05/07,76
119,Miguel Mora,miguel.mora@yahoo.com,14-09-2025,91
120,Miguel García,miguel.garcía@example.com,21-08-2025,95
121,Ana Fernández,ana.fernández@gmail.com,2025-11-08,90
122,Carlos Fernández,carlos.fernández@gmail.com,2025-07-27,84
123,Miguel Ruiz,miguel.ruiz at example.com,2025/01/13,85
124,Miguel Pérez,miguel.pérez@gmail.com,01/05/2025,76
125,Pedro Torres,pedro.torres@hotmail.com,10/10/2025,75
126,Luisa Gómez, luisa.gómez@yahoo.com ,19/12/2025,72
127,Alicia Jiménez,"alicia,jiménez@domain.com",2025-12-23,80
128,Fernando Torres,fernando.torres@example.com,2025-09-10,75
129,Elena Fernández,elena.fernández@hotmail.com,26/04/2025,84
130,Luisa García,luisa.garcía@hotmail.com,01/04/2025,86
131,Ricardo Gómez,ricardo.gómez@gamil.com,2025-08-24,68
132,Daniel Díaz,daniel.díaz@yahoo.com,21-11-2025,99
133,Jorge Rojas,jorge.rojas@hotmail.com,07/03/2025,74
134,Ricardo Pérez,ricardo.pérez@domain.com,03-11-2025,78
135,Miguel Sánchez,miguel.sánchez@gmail.com,2025/12/10,83
136,Ana Sánchez,ana.sánchez@yahoo.com,2025-12-29,74
137,Jorge Pérez,jorge.pérez at yahoo.com,17/06/2025,76
138,Laura Fernández,LAURA.FERNÁNDEZ@HOTMAIL.COM,2025/04/01,68
139,Diego Gómez,diego.gómez@@gmail.com,03/09/2025,96
140,Carlos Ortiz,carlos.ortiz@hotmail.com,27/07/2025,81
141,Isabel Castro,isabel.castro@yahoo.com,10-01-2025,60
142,Alicia Pérez,ALICIA.PÉREZ@YAHOO.COM,04/11/2025,64
143,Ricardo Castro,ricardo.castro at domain.com,26/02/2025,66
144,María Torres,"maría,torres@example.com",2025-04-05,90
145,María Castro,maría.castro@gmail.com,17-04-2025,91
146,Carlos Medina,carlos.medina@yahoo.com,2025/09/04,73
147,Diego Rojas,diego.rojas@domain.com,03/05/2025,93
148,Valeria Rojas,valeria.rojas@domain.com,2025/07/03,72
149,Laura Castro,laura.castro@example.com,2025-09-23,66
150,Juan Ortiz,juan.ortiz@hotmail.com,2025-12-05,69
151,Laura Ruiz,laura.ruiz at domain.com,2025-02-06,74
152,Jorge Rojas, jorge.rojas@example.com ,03-09-2025,74
153,Luisa López,luisa.lópez@gmail.com,03/12/2025,87
154,Daniel Sánchez,daniel.sánchez@hotmail.com,2025/01/25,89
155,Pedro Silva,pedro.silva@yahoo.com,20-07-2025,89
156,Alicia Torres,alicia.torres@yahoo.com,2025/08/17,91
157,Pedro Fernández, pedro.fernández@domain.com ,2025-12-01,94
158,Elena Gómez,ELENA.GÓMEZ@EXAMPLE.COM,2025-09-17,72
159,Miguel Ramírez,MIGUEL.RAMÍREZ@EXAMPLE.COM,09/12/2025,98
160,Miguel Pérez,miguel.pérez@gmail.com,2025-02-18,80
161,María Medina,maría.medina at yahoo.com,07/04/2025,60
162,Ricardo Martínez,ricardo.martínez@domain.com,2025/02/26,78
163,Carlos Ramírez,carlos.ramírez@gmail.com,2025/12/22,67
164,Luisa Pérez,luisa.pérez@domain.com,28-05-2025,64
165,Fernando Fernández,fernando.fernández at hotmail.com,13/01/2025,81
166,Elena Gómez,elena.gómez at domain.com,2025-04-03,67
167,Laura Gómez,laura.gómez@hotnail.com,2025-06-08,66
168,Elena Castro,elena.castro@yahoo.com,30-01-2025,80
169,Isabel Flores,isabel.flores@gmail.com,29-01-2025,77
170,Daniel López,daniel.lópez@hotmail.com,2025/06/20,86
171,Luisa Mora,"luisa,mora@domain.com",22/05/2025,93
172,Alicia López, alicia.lópez@example.com ,17-11-2025,100
173,Luisa Mora,luisa.mora@example.com,23-12-2025,67
174,Pedro Rojas,pedro.rojas@example.com,22/12/2025,92
175,Andrés Sánchez,andrés.sánchez@domain.com,2025/04/14,91
176,Jorge Fernández,jorge.fernández@domain.com,2025/11/11,74
177,Miguel Mora,miguel.mora@domain.com,09-02-2025,86
178,María Vega,"maría,vega@yahoo.com",24/09/2025,64
179,Alicia Silva,alicia.silva@hotmail.com,24-06-2025,82
180,Daniel Vega,daniel.vega@domain.com,2025-09-03,75
181,Daniel Ortiz, daniel.ortiz@example.com ,2025-06-24,61
182,Sofía García,sofía.garcía@@domain.com,10-08-2025,64
183,Pedro Flores,pedro.flores@example.com,26/09/2025,80
184,Valeria García,valeria.garcía@domain.com,09-11-2025,89
185,Ana Ortiz,ana.ortiz@gmail.com,27/05/2025,93
186,Laura López,laura.lópez@hotmail.com,01/02/2025,100
187,Miguel Pérez,miguel.pérez at hotmail.com,2025-07-15,91
188,Laura Fernández,laura.fernández@gmail.com,2025-10-01,78
189,Andrés Martínez,andrés.martínez@hotnail.com,2025-07-31,97
190,Fernando Mora, fernando.mora@example.com ,12-11-2025,89
191,Isabel Castro,isabel.castro@@hotmail.com,2025/02/21,60
192,Ricardo Ramírez,ricardo.ramírez@yahoo.com,2025/07/20,80
193,Juan Ramírez,"juan,ramírez@example.com",2025/06/20,100
194,Elena Pérez,elena.pérez at domain.com,2025-11-30,80
195,Juan Fernández,"juan,fernández@gmail.com",2025/08/11,79
196,Miguel Flores,miguel.flores@example.com,2025-06-08,81
197,Pedro Jiménez,PEDRO.JIMÉNEZ@DOMAIN.COM,2025-06-26,88
198,Valeria Vega,valeria.vega@example.com,04/02/2025,84
199,María Jiménez,maría.jiménez@domain.com,2025/10/25,98
200,Jorge García,jorge.garcía@yahoo.com,17-03-2025,81
201,Ricardo Flores,ricardo.flores@domain.com,30-07-2025,83
202,Andrés Torres,andrés.torres@yahoo.com,2025-10-11,89
203,Elena Ramírez,elena.ramírez@domain.com,2025-07-21,77
204,María Castro,maría.castro@gmail.com,2025-08-18,95
205,Andrés Vega,andrés.vega@example.com,04-08-2025,67
206,Valeria Jiménez,"valeria,jiménez@yahoo.com",2025/03/11,81
207,Laura Vega, laura.vega@yahoo.com ,2025-02-09,67
208,Diego García,diego.garcía@yahoo.com,2025/12/09,67
209,Andrés Rojas, andrés.rojas@example.com ,08-12-2025,100
210,Valeria Ortiz,valeria.ortiz at example.com,24/08/2025,93
211,Luisa Jiménez,luisa.jiménez@example.com,27/05/2025,75
212,Miguel Fernández,miguel.fernández@example.com,2025/12/11,92
213,Fernando Sánchez,fernando.sánchez@domain.com,2025-10-13,77
214,Elena Silva,elena.silva@domain.com,2025-02-01,90
215,Carlos Mora,carlos.mora@yahoo.com,18-06-2025,78
216,Camila Silva,camila.silva@gmail.com,2025-06-21,97
217,Valeria Ramírez,valeria.ramírez@domain.com,09-09-2025,60
218,Alicia Torres,alicia.torres@yahoo.com,2025-08-10,96
219,Sofía Mora,SOFÍA.MORA@DOMAIN.COM,18-10-2025,98
220,Luisa Rojas,luisa.rojas@gmail.com,09/09/2025,65
221,Isabel Medina,"isabel,medina@domain.com",2025-05-31,87
222,Pedro Sánchez,pedro.sánchez@@yahoo.com,15/05/2025,77
223,Sofía Ruiz,sofía.ruiz at hotmail.com,2025-11-14,76
224,Ricardo Castro,"ricardo,castro@yahoo.com",2025/08/23,85
225,Pedro Silva,pedro.silva@yahoo.com,2025/02/10,98
226,Juan García,juan.garcía at yahoo.com,13-12-2025,96
227,Luisa Castro,luisa.castro@gamil.com,23/04/2025,86
228,María Rojas,maría.rojas@domain.com,2025-10-10,91
229,Pedro Ortiz, pedro.ortiz@gmail.com ,2025-03-08,73
230,Alicia Ortiz,alicia.ortiz at gmail.com,2025-02-26,67
231,Daniel López,daniel.lópez@yahoo.com,10/12/2025,68
232,Valeria Martínez,valeria.martínez@yahoo.com,2025/11/29,74
233,Ana Flores,ana.flores@@hotmail.com,06/05/2025,89
234,Miguel Jiménez,"miguel,jiménez@hotmail.com",2025-10-22,80
235,Sofía Vega,sofía.vega@yahoo.com,2025-01-05,93
236,Juan Medina,juan.medina at yahoo.com,2025/01/15,82
237,Miguel Ruiz,miguel.ruiz@example.com,19/01/2025,79
238,Pedro Flores,pedro.flores@@yahoo.com,2025-10-10,82
239,Daniel Mora,daniel.mora@@domain.com,25-08-2025,72
240,Daniel Torres,daniel.torres@gmail.com,2025-04-21,75
241,Camila Ramírez,camila.ramírez@domain.com,2025-11-16,74
242,Laura Ortiz,laura.ortiz@example.com,2025/06/13,72
243,Daniel Fernández,daniel.fernández@hotmail.com,24/12/2025,92
244,Fernando López,fernando.lópez@hotmail.com,17/02/2025,66
245,Alicia Castro,"alicia,castro@example.com",2025-05-07,86
246,Miguel Díaz,miguel.díaz@yahoo.com,2025/03/09,70
247,Luisa Díaz, luisa.díaz@example.com ,2025-01-06,88
248,Camila Torres, camila.torres@gmail.com ,2025/01/01,60
249,Ricardo Gómez,ricardo.gómez@gmail.com,2025-07-24,93
250,Diego Torres,diego.torres@example.com,2025-11-08,81
251,Alicia Mora,alicia.mora@hotnail.com,2025-03-14,72
252,María Medina,maría.medina@yahoo.com,11-06-2025,75
253,Isabel Flores,isabel.flores@yahoo.com,2025/04/25,61
254,Pedro Vega,pedro.vega at domain.com,21/01/2025,66
255,Miguel Gómez,miguel.gómez@hotmail.com,19-12-2025,92
256,Ricardo Gómez,ricardo.gómez@gmail.com,2025/10/21,96
257,Daniel Ramírez,daniel.ramírez@domain.com,2025-01-30,65
258,María Díaz,maría.díaz@example.com,2025/06/16,77
259,Jorge Silva,jorge.silva@domain.com,2025/02/28,66
260,Camila Díaz,camila.díaz@yahoo.com,25-02-2025,77
261,Carlos Vega, carlos.vega@gmail.com ,2025/11/03,87
262,Ana Díaz,ana.díaz at yahoo.com,2025-08-09,88
263,Jorge Sánchez,jorge.sánchez@example.com,07-05-2025,67
264,Jorge Torres,jorge.torres at gmail.com,2025/05/20,72
265,Alicia Torres,alicia.torres@domain.com,21/07/2025,60
266,Camila García,camila.garcía@hotmail.com,31-02-2025,77
267,Miguel Ramírez,miguel.ramírez@gmail.com,2025-04-14,83
268,Miguel Jiménez,miguel.jiménez@yahoo.com,2025-12-14,92
269,Daniel Jiménez,daniel.jiménez@example.com,2025-08-25,77
270,Camila Díaz,camila.díaz@gmail.com,18-11-2025,64
271,Fernando Sánchez, fernando.sánchez@hotmail.com ,20-01-2025,82
272,Alicia Torres,alicia.torres@gmail.com,2025/12/07,73
273,Laura Ramírez,laura.ramírez at domain.com,02-08-2025,74
274,Andrés Pérez,andrés.pérez@hotmail.com,2025/10/21,67
275,Sofía Jiménez,sofía.jiménez@example.com,30/12/2025,91
276,Luisa Mora,luisa.mora@yahoo.com,08/04/2025,98
277,Diego Fernández,diego.fernández@yahoo.com,2025-07-02,86
278,Diego Ortiz,diego.ortiz at example.com,2025/08/05,82
279,Diego Flores,"diego,flores@example.com",2025/01/15,98
280,Juan Torres,juan.torres@domain.com,2025/01/16,89
281,Sofía Rojas,sofía.rojas@gmail.com,28-10-2025,80
282,Ana Gómez,ana.gómez at example.com,2025/03/19,65
283,Miguel Vega,miguel.vega@domain.com,31-02-2025,95
284,Jorge Ruiz,jorge.ruiz@example.com,14-05-2025,84
285,Ricardo Vega,ricardo.vega@yahoo.com,01/11/2025,66
286,Alicia López,alicia.lópez@domain.com,21-06-2025,68
287,Sofía García,sofía.garcía@gmail.com,07-04-2025,88
288,Carlos Díaz,carlos.díaz@example.com,2025/08/15,99
289,Miguel Mora,miguel.mora@example.com,11-04-2025,62
290,Juan Sánchez, juan.sánchez@example.com ,2025/06/07,99
291,Ricardo Sánchez,"ricardo,sánchez@yahoo.com",2025/05/31,79
292,Valeria Medina,valeria.medina@@domain.com,28-10-2025,86
293,Pedro Martínez,pedro.martínez@example.com,14-03-2025,86
294,Daniel Sánchez,daniel.sánchez@gmail.com,2025/06/09,63
295,Sofía García,sofía.garcía@hotmail.com,16-07-2025,63
296,Sofía Pérez,sofía.pérez@example.com,23-09-2025,85
297,Fernando Jiménez,fernando.jiménez at gmail.com,2025-07-29,94
298,Sofía Ortiz,sofía.ortiz at domain.com,2025-03-22,78
299,Sofía Ramírez,SOFÍA.RAMÍREZ@EXAMPLE.COM,12/02/2025,74
300,Carlos López,carlos.lópez@example.com,2025-05-04,68
301,Elena Martínez,elena.martínez@gmail.com,2025-05-12,81
302,Sofía Medina,sofía.medina at gmail.com,14/11/2025,65
303,Isabel Sánchez,isabel.sánchez@yahoo.com,28-04-2025,93
304,Alicia Martínez,alicia.martínez@example.com,14/12/2025,62
305,Laura Vega,laura.vega@example.com,2025-10-25,80
306,Alicia Torres,alicia.torres at gmail.com,2025-09-28,89
307,Isabel García,"isabel,garcía@gmail.com",2025-09-03,87
308,Isabel Torres,isabel.torres@yahoo.com,2025/11/22,91
309,Ricardo López,ricardo.lópez@yahoo.com,2025/08/03,77
310,Camila Torres, camila.torres@gmail.com ,2025-03-21,66
311,Jorge Pérez,jorge.pérez@example.com,02/09/2025,86
312,Juan Díaz,juan.díaz at hotmail.com,10-10-2025,85
313,Isabel Gómez,ISABEL.GÓMEZ@EXAMPLE.COM,04-07-2025,99
314,Daniel Jiménez,daniel.jiménez@domain.com,08-06-2025,81
315,Camila Fernández,camila.fernández@domain.com,2025-10-01,89
316,Ricardo Torres,RICARDO.TORRES@EXAMPLE.COM,23/03/2025,93
317,Isabel Rojas,isabel.rojas@yahoo.com,29-03-2025,73
318,Miguel Rojas,miguel.rojas@example.com,2025-07-22,88
319,Luisa Jiménez,luisa.jiménez@example.com,10/04/2025,83
320,Sofía Flores,sofía.flores@hotmail.com,2025-10-08,63
321,Fernando Silva,fernando.silva@example.com,06/11/2025,68
322,Luisa Vega,luisa.vega@domain.com,2025-05-02,80
323,Jorge Flores,jorge.flores@hotmail.com,20-12-2025,77
324,Carlos Díaz,carlos.díaz@domain.com,2025/12/26,61
325,Juan Ruiz,JUAN.RUIZ@EXAMPLE.COM,05/05/2025,72
326,Sofía Flores,sofía.flores at domain.com,06-06-2025,67
327,Jorge Gómez,JORGE.GÓMEZ@DOMAIN.COM,2025/07/17,77
328,Camila Ramírez,camila.ramírez@domain.com,20-06-2025,97
329,María Ortiz,maría.ortiz@yahoo.com,30/11/2025,82
330,Ana García,ana.garcía at yahoo.com,2025-11-05,73
331,Elena Vega,"elena,vega@hotmail.com",2025/03/09,74
332,Sofía Sánchez,sofía.sánchez@@domain.com,09-12-2025,79
333,Juan Medina,juan.medina@example.com,20-12-2025,64
334,Pedro Silva,pedro.silva@gmail.com,2025/03/08,94
335,Ana Pérez,ana.pérez@domain.com,11-10-2025,70
336,Camila Castro, camila.castro@hotmail.com ,16-05-2025,92
337,Valeria Medina,valeria.medina@hotmail.com,27/03/2025,60
338,Sofía Díaz,sofía.díaz@@example.com,2025-02-12,84
339,Carlos Rojas,carlos.rojas@domain.com,21/02/2025,66
340,Laura Fernández,laura.fernández@example.com,21-04-2025,93
341,Juan Mora,juan.mora@yahoo.com,2025/12/30,92
342,Fernando Díaz,fernando.díaz at domain.com,2025/12/07,70
343,Diego Díaz,diego.díaz@yahoo.com,2025/11/05,80
344,Valeria Ruiz,valeria.ruiz@@domain.com,18-08-2025,63
345,Luisa Flores,luisa.flores@@yahoo.com,2025-02-06,71
346,Daniel Jiménez,daniel.jiménez@gamil.com,20-09-2025,63
347,Ricardo Ruiz,RICARDO.RUIZ@GMAIL.COM,01-06-2025,91
348,Juan Flores,juan.flores@example.com,20/05/2025,79
349,Pedro Silva,pedro.silva@domain.com,18/08/2025,77
350,Jorge Pérez,jorge.pérez@domain.com,18/10/2025,83
351,Luisa Ortiz,luisa.ortiz@hotnail.com,11/01/2025,92
352,Valeria Sánchez,valeria.sánchez at hotmail.com,2025/10/22,96
353,Juan López,juan.lópez@gmail.com,18/03/2025,99
354,Ana Jiménez,ana.jiménez@yahoo.com,2025-08-02,66
355,Andrés López,andrés.lópez@gmail.com,2025/04/28,97
356,Miguel Torres,miguel.torres at domain.com,29/05/2025,96
357,Andrés Gómez,andrés.gómez at yahoo.com,2025/08/26,73
358,Juan Pérez,juan.pérez@@yahoo.com,10-07-2025,64
359,Luisa Fernández,luisa.fernández@gmail.com,24/07/2025,60
360,Carlos Flores, carlos.flores@yahoo.com ,14-02-2025,89
361,Andrés García,andrés.garcía@yahoo.com,19/05/2025,91
362,Daniel Ruiz,"daniel,ruiz@hotmail.com",01-02-2025,79
363,Fernando Vega, fernando.vega@example.com ,2025/03/08,68
364,Diego Martínez,diego.martínez@gmail.com,08/06/2025,66
365,Isabel Medina,isabel.medina@gmail.com,31/03/2025,76
366,Fernando Ruiz,fernando.ruiz@domain.com,15/02/2025,64
367,Ana Medina,ana.medina@domain.com,2025-03-17,74
368,Jorge Ruiz,jorge.ruiz@hotmail.com,2025-06-12,86
369,Daniel Silva,daniel.silva@hotmail.com,29-08-2025,64
370,Camila Mora,"camila,mora@gmail.com",2025/04/03,86
371,María Silva,MARÍA.SILVA@EXAMPLE.COM,07-07-2025,90
372,Andrés Díaz,andrés.díaz@hotmail.com,2025/11/03,95
373,Juan Ruiz, juan.ruiz@hotmail.com ,10/08/2025,99
374,Fernando Ruiz,fernando.ruiz at example.com,14/11/2025,60
375,Fernando Vega,FERNANDO.VEGA@YAHOO.COM,2025-06-12,71
376,Jorge Torres,JORGE.TORRES@GMAIL.COM,2025-06-24,71
377,Camila Martínez,camila.martínez@domain.com,16/06/2025,95
378,Elena Pérez,"elena,pérez@gmail.com",27/05/2025,63
379,Diego Vega,diego.vega at yahoo.com,26/01/2025,88
380,Diego Torres,diego.torres@example.com,2025-04-21,74
381,Isabel Díaz,isabel.díaz@gmail.com,2025-03-10,63
382,Alicia Castro, alicia.castro@example.com ,13/04/2025,90
383,Ana Sánchez, ana.sánchez@domain.com ,04-04-2025,87
384,Luisa Gómez,luisa.gómez@domain.com,13/06/2025,73
385,Camila Díaz,"camila,díaz@domain.com",15-03-2025,89
386,Elena Torres,elena.torres@yahoo.com,05/01/2025,83
387,Andrés Vega,andrés.vega@gamil.com,2025/10/26,81
388,Diego Gómez,diego.gómez@gmail.com,16-01-2025,83
389,Daniel Rojas,daniel.rojas at gmail.com,2025/04/05,86
390,Carlos Díaz,carlos.díaz@domain.com,2025-02-03,75
391,Luisa Castro,luisa.castro@example.com,2025-05-09,77
392,Daniel Ortiz,daniel.ortiz@gmail.com,2025-12-02,92
393,Ricardo Torres,ricardo.torres@@gmail.com,18-11-2025,70
394,Valeria Flores,valeria.flores at yahoo.com,07-09-2025,71
395,María Ramírez,maría.ramírez@hotmail.com,2025/01/22,67
396,Isabel Fernández,isabel.fernández@gmail.com,2025/12/16,93
397,Sofía López,sofía.lópez at hotmail.com,31-01-2025,63
398,Andrés Ortiz,andrés.ortiz at domain.com,01/10/2025,73
399,Luisa Silva,luisa.silva@@hotmail.com,2025-04-18,79
400,Luisa Jiménez,luisa.jiménez@example.com,2025-10-11,99
401,Fernando Fernández,fernando.fernández@domain.com,23/02/2025,60
402,Ana Silva,ana.silva@yahoo.com,2025/01/05,73
403,Elena Castro,elena.castro@hotmail.com,2025-09-14,70
404,Elena Mora,elena.mora@example.com,26-02-2025,83
405,Valeria Martínez,valeria.martínez@yahoo.com,2025-09-03,91
406,Daniel Martínez,daniel.martínez at yahoo.com,01-05-2025,97
407,Sofía López,sofía.lópez at hotmail.com,2025-09-13,67
408,Juan Medina,juan.medina@domain.com,03/11/2025,97
409,Jorge Torres,jorge.torres@domain.com,24/01/2025,84
410,Isabel Mora,isabel.mora@hotmail.com,24-07-2025,66
411,Diego Mora,diego.mora@yahoo.com,2025/02/16,70
412,Carlos Torres,carlos.torres@domain.com,18-09-2025,63
413,Luisa Pérez,luisa.pérez@domain.com,2025/12/12,76
414,Jorge Jiménez,jorge.jiménez@yahoo.com,29/04/2025,87
415,Fernando Ramírez,fernando.ramírez@hotmail.com,2025/01/15,60
416,Alicia Castro,alicia.castro at domain.com,2025/07/21,77
417,Ricardo Silva,RICARDO.SILVA@HOTMAIL.COM,07/03/2025,77
418,Ricardo López,ricardo.lópez@gamil.com,31-02-2025,75
419,Jorge Ortiz,"jorge,ortiz@gmail.com",2025/05/16,95
420,Isabel Ramírez,isabel.ramírez@hotmail.com,2025-11-20,66
421,Daniel Rojas,daniel.rojas@@example.com,15/03/2025,74
422,Alicia Medina,alicia.medina@example.com,2025-12-03,92
423,Ricardo Torres,ricardo.torres@@yahoo.com,2025/08/14,98
424,Daniel Fernández,"daniel,fernández@yahoo.com",2025-09-21,95
425,Isabel Sánchez,isabel.sánchez at domain.com,04/10/2025,69
426,Camila Gómez, camila.gómez@gmail.com ,18-09-2025,91
427,Camila Vega,camila.vega@example.com,24-06-2025,90
428,Alicia Flores,alicia.flores@gmail.com,2025/06/05,80
429,Daniel Díaz,daniel.díaz@hotmail.com,2025-09-28,71
430,Luisa Ramírez,"luisa,ramírez@domain.com",13/12/2025,74
431,Jorge García,jorge.garcía@yahoo.com,02-11-2025,77
432,Laura Flores,laura.flores@@example.com,30/11/2025,93
433,Isabel Gómez,isabel.gómez@gmail.com,15-02-2025,87
434,Elena Sánchez,elena.sánchez@hotmail.com,2025/02/03,84
435,María Martínez, maría.martínez@yahoo.com ,2025/12/11,75
436,Pedro Jiménez,PEDRO.JIMÉNEZ@GMAIL.COM,2025-11-24,67
437,Ricardo López,ricardo.lópez@yahoo.com,2025-09-20,69
438,Jorge Pérez,jorge.pérez at example.com,2025/06/10,84
439,Sofía Díaz,sofía.díaz@@yahoo.com,06-01-2025,93
440,Juan Ruiz,"juan,ruiz@gmail.com",14/06/2025,62
441,Pedro Martínez,pedro.martínez@yahoo.com,14-02-2025,82
442,Valeria Jiménez,valeria.jiménez@gamil.com,2025-11-01,89
443,Elena Mora,elena.mora at yahoo.com,2025-12-26,70
444,María López,maría.lópez@domain.com,12/04/2025,73
445,Jorge Sánchez,jorge.sánchez@example.com,2025/12/07,80
446,Fernando Silva,fernando.silva@example.com,2025-03-22,60
447,Laura Mora,laura.mora@@yahoo.com,2025-07-19,90
448,Camila Fernández,camila.fernández@yahoo.com,14/01/2025,91
449,Carlos Ramírez,carlos.ramírez@hotmail.com,2025-12-19,91
450,Diego Fernández,"diego,fernández@yahoo.com",2025/12/11,62
451,Valeria Díaz, valeria.díaz@domain.com ,26-07-2025,99
452,Valeria Medina,valeria.medina@yahoo.com,2025/07/03,99
453,Luisa Ruiz,luisa.ruiz@example.com,22/01/2025,91
454,María Sánchez,maría.sánchez@hotmail.com,14-10-2025,70
455,María Vega,maría.vega@hotmail.com,27-04-2025,84
456,Daniel Sánchez,daniel.sánchez@yahoo.com,2025-07-09,99
457,Sofía Pérez,sofía.pérez at hotmail.com,2025/06/03,88
458,Juan Díaz,juan.díaz@@hotmail.com,2025-02-19,95
459,Pedro Vega,pedro.vega@domain.com,2025/11/28,97
460,Miguel Ramírez,miguel.ramírez@yahoo.com,2025/05/17,99
461,Alicia Flores,alicia.flores@yahoo.com,24-08-2025,78
462,Daniel Sánchez,daniel.sánchez@hotmail.com,17/02/2025,60
463,Jorge Castro,jorge.castro@hotmail.com,2025/03/28,97
464,Sofía García,sofía.garcía@gmail.com,2025-10-14,85
465,Ricardo Díaz,ricardo.díaz@yahoo.com,2025-05-12,79
466,Andrés Vega,andrés.vega@gmail.com,2025/07/23,75
467,Ana Pérez,ana.pérez@domain.com,05/04/2025,86
468,Elena Flores,"elena,flores@domain.com",2025-12-13,88
469,Ricardo Ramírez,ricardo.ramírez@domain.com,2025-02-26,84
470,Sofía Ortiz,sofía.ortiz@yahoo.com,2025-10-11,66
471,Daniel Díaz, daniel.díaz@hotmail.com ,2025-06-14,90
472,Ana Silva,ana.silva@example.com,2025-01-20,72
473,Miguel Castro,miguel.castro@@yahoo.com,14/07/2025,72
474,Alicia Ruiz,alicia.ruiz@gmail.com,2025-05-11,64
475,Fernando Torres,fernando.torres@gmail.com,2025/01/30,87
476,Jorge Pérez,jorge.pérez@yahoo.com,2025/01/25,99
477,Juan Ramírez,juan.ramírez@gmail.com,03/09/2025,70
478,Andrés Gómez,andrés.gómez@example.com,27-06-2025,65
479,Ricardo Mora,ricardo.mora@example.com,2025/04/27,70
480,Laura Jiménez,laura.jiménez@hotmail.com,2025/11/28,68
481,Jorge García, jorge.garcía@yahoo.com ,2025-09-05,68
482,Valeria Castro,valeria.castro@domain.com,2025/10/11,60
483,Camila Flores,camila.flores@yahoo.com,10-09-2025,95
484,Jorge Medina,jorge.medina@hotmail.com,07/02/2025,72
485,Andrés Medina,andrés.medina@example.com,19-06-2025,100
486,Ricardo Vega,ricardo.vega@domain.com,2025/11/30,90
487,María Medina,maría.medina@domain.com,04/03/2025,79
488,Ricardo Mora,ricardo.mora@domain.com,2025/10/11,74
489,Jorge Silva,jorge.silva@hotmail.com,2025-10-24,96
490,Camila Díaz, camila.díaz@example.com ,2025/01/26,69
491,Ricardo Díaz,ricardo.díaz@@yahoo.com,08/09/2025,91
492,Fernando Castro,fernando.castro@gmail.com,22/06/2025,64
493,Fernando Sánchez,fernando.sánchez@hotmail.com,20-11-2025,93
494,Fernando Gómez,fernando.gómez@@domain.com,2025-07-25,74
495,Jorge Pérez,jorge.pérez@domain.com,23/04/2025,77
496,Valeria Ruiz,valeria.ruiz@example.com,20-10-2025,80
497,Laura Ortiz,laura.ortiz@yahoo.com,2025-05-27,93
498,Pedro Pérez, pedro.pérez@domain.com ,2025/07/27,88
499,Luisa Vega,luisa.vega at gmail.com,31/08/2025,88
500,Laura Gómez,laura.gómez@hotnail.com,08/06/2025,82
501,Ricardo García,ricardo.garcía@hotmail.com,18/08/2025,82
502,Alicia Mora,alicia.mora at hotmail.com,2025-11-26,64
503,María Silva,maría.silva@domain.com,2025/03/13,66
504,Valeria Fernández,valeria.fernández@yahoo.com,18-12-2025,86
505,Juan Medina,juan.medina@gmail.com,2025/12/03,78
506,Camila Martínez,camila.martínez at gmail.com,10-08-2025,61
507,Carlos López, carlos.lópez@hotmail.com ,10-05-2025,69
508,Ricardo Sánchez,ricardo.sánchez@gmail.com,2025-12-29,61
509,Fernando Mora,FERNANDO.MORA@HOTMAIL.COM,2025/05/03,66
510,Jorge Pérez,jorge.pérez@hotmail.com,2025/02/03,66
511,Valeria Ramírez,VALERIA.RAMÍREZ@GMAIL.COM,11/03/2025,79
512,Fernando Ramírez,fernando.ramírez at domain.com,2025/06/02,100
513,Elena Sánchez,ELENA.SÁNCHEZ@GMAIL.COM,07/06/2025,69
514,Ana García,ana.garcía@domain.com,13/10/2025,91
515,Laura Rojas,laura.rojas@domain.com,2025/10/22,84
516,Pedro Ruiz,pedro.ruiz@example.com,08/08/2025,93
517,Carlos Gómez,carlos.gómez@yahoo.com,28-11-2025,82
518,Daniel Jiménez, daniel.jiménez@domain.com ,2025/04/16,62
519,Camila Gómez,camila.gómez@hotmail.com,2025/10/17,80
520,Fernando Rojas,"fernando,rojas@example.com",2025-11-27,63
521,Camila Díaz,camila.díaz@example.com,21-12-2025,94
522,Camila Flores,camila.flores@gamil.com,23/09/2025,77
523,Isabel Silva,isabel.silva@yahoo.com,07/10/2025,62
524,Camila Castro,camila.castro@example.com,2025/05/06,69
525,Miguel Fernández,miguel.fernández@@example.com,2025-04-02,99
526,Carlos Silva,carlos.silva@yahoo.com,05/11/2025,77
527,María López,maría.lópez@hotmail.com,2025-02-23,72
528,Daniel Pérez,daniel.pérez at domain.com,2025-05-11,88
529,Daniel Sánchez,daniel.sánchez@gmail.com,31-10-2025,91
530,Ana Fernández,ana.fernández at yahoo.com,2025-08-08,79
531,Elena Torres,"elena,torres@example.com",2025-02-12,91
532,Sofía Ruiz,sofía.ruiz@domain.com,13/10/2025,61
533,Diego García,"diego,garcía@example.com",14-07-2025,86
534,Sofía Fernández,sofía.fernández@example.com,22/05/2025,72
535,Fernando Vega,fernando.vega@yahoo.com,2025-03-28,83
536,Pedro Fernández,pedro.fernández@domain.com,02-04-2025,78
537,Pedro Martínez,pedro.martínez@gmail.com,2025/01/04,95
538,Miguel Pérez,miguel.pérez@hotmail.com,31-02-2025,94
539,Diego Martínez,diego.martínez@hotmail.com,2025-09-26,69
540,Camila Ramírez,camila.ramírez@hotmail.com,23/07/2025,91
541,Carlos Flores, carlos.flores@domain.com ,2025-03-22,95
542,Pedro Gómez,pedro.gómez at hotmail.com,03/05/2025,95
543,Andrés López,andrés.lópez@gmail.com,2025/09/25,74
544,Diego Martínez,diego.martínez@hotnail.com,16/04/2025,90
545,Elena Sánchez,elena.sánchez@yahoo.com,27-12-2025,62
546,Camila Ramírez,camila.ramírez@gmail.com,2025-06-07,100
547,Fernando Ramírez,fernando.ramírez@yahoo.com,2025-01-12,90
548,Alicia Martínez,alicia.martínez@domain.com,28-03-2025,99
549,Jorge Torres,jorge.torres@hotmail.com,17-02-2025,90
550,Ricardo Vega,ricardo.vega@yahoo.com,14-03-2025,95
551,Carlos Pérez,carlos.pérez@gmail.com,01/02/2025,79
552,Pedro Vega,pedro.vega@hotnail.com,2025-11-17,100
553,Fernando Vega, fernando.vega@hotmail.com ,2025-08-15,61
554,Elena Flores,"elena,flores@example.com",2025-03-17,61
555,Jorge Rojas,jorge.rojas@yahoo.com,12/09/2025,95
556,Ricardo Pérez,ricardo.pérez@yahoo.com,12/02/2025,89
557,Elena Díaz,elena.díaz@gmail.com,28-04-2025,89
558,Sofía Fernández,sofía.fernández@yahoo.com,09/03/2025,83
559,Carlos Mora,"carlos,mora@example.com",2025-11-18,99
560,Sofía Fernández,sofía.fernández at hotmail.com,2025-01-10,60
561,Laura Vega,laura.vega@yahoo.com,2025/03/03,79
562,Juan Fernández,juan.fernández at example.com,2025-11-25,89
563,Carlos Jiménez,carlos.jiménez@example.com,2025-07-09,100
564,Andrés Fernández,andrés.fernández@domain.com,2025-06-02,89
565,Andrés Gómez,andrés.gómez@example.com,2025-10-16,60
566,Miguel Vega,miguel.vega@domain.com,25-08-2025,88
567,Camila García,camila.garcía@gmail.com,15-11-2025,100
568,Carlos Vega,carlos.vega@hotmail.com,2025/09/02,91
569,Luisa Ruiz, luisa.ruiz@hotmail.com ,2025-05-05,66
570,Fernando Silva,fernando.silva@gamil.com,2025/04/07,93
571,Elena Díaz,elena.díaz@hotmail.com,2025/07/19,60
572,Alicia Gómez,alicia.gómez@gmail.com,20/05/2025,76
573,Daniel Jiménez,daniel.jiménez@@gmail.com,30-12-2025,66
574,Daniel Medina,daniel.medina@gmail.com,2025-09-04,69
575,Valeria Gómez,valeria.gómez@hotmail.com,2025-03-30,78
576,Camila Vega,camila.vega@hotmail.com,2025-07-01,61
577,Alicia Ramírez,ALICIA.RAMÍREZ@EXAMPLE.COM,2025/08/12,85
578,Alicia Ruiz, alicia.ruiz@example.com ,02/10/2025,98
579,Diego Jiménez,diego.jiménez@yahoo.com,2025/08/19,100
580,Ana Pérez,ana.pérez@domain.com,23-07-2025,70
581,Pedro García,pedro.garcía@domain.com,2025-05-07,81
582,Ana Gómez,ana.gómez at example.com,2025-01-22,96
583,Luisa Rojas,luisa.rojas@yahoo.com,2025-10-20,89
584,Isabel Jiménez, isabel.jiménez@gmail.com ,2025-03-25,80
585,Ana Torres,ana.torres@domain.com,01-08-2025,60
586,Valeria Ruiz,valeria.ruiz@example.com,2025-02-03,92
587,Ricardo Ortiz,ricardo.ortiz@yahoo.com,2025/06/21,64
588,Alicia Sánchez,alicia.sánchez@yahoo.com,14-03-2025,94
589,Carlos Vega,carlos.vega@domain.com,08-02-2025,67
590,Miguel Ramírez,miguel.ramírez@hotmail.com,2025/03/23,84
591,Andrés García,andrés.garcía@example.com,2025-08-21,82
592,Camila Gómez,camila.gómez@domain.com,2025-01-15,81
593,Carlos Sánchez,carlos.sánchez@domain.com,18/01/2025,81
594,Jorge Gómez,jorge.gómez@gmail.com,2025/05/29,70
595,Fernando Silva,fernando.silva@@gmail.com,21-01-2025,81
596,Carlos Silva,carlos.silva@example.com,2025-07-13,67
597,Fernando Sánchez,fernando.sánchez@domain.com,2025-03-16,77
598,Sofía Ortiz,sofía.ortiz at domain.com,2025/03/04,99
599,Camila Pérez,camila.pérez at yahoo.com,18-05-2025,64
600,Daniel Flores,daniel.flores@hotmail.com,2025/10/06,88
601,Jorge Castro,jorge.castro@gmail.com,2025/11/12,61
602,Miguel Rojas,MIGUEL.ROJAS@GMAIL.COM,31-01-2025,94
603,Laura Flores,laura.flores@hotmail.com,27/10/2025,65
604,Miguel Medina,miguel.medina at example.com,2025-08-07,96
605,Miguel Flores,MIGUEL.FLORES@EXAMPLE.COM,2025/07/13,76
606,Luisa Ortiz,luisa.ortiz@example.com,2025/10/29,70
607,Ricardo Silva, ricardo.silva@domain.com ,2025-08-28,99
608,Pedro Ramírez,pedro.ramírez@domain.com,07-09-2025,76
609,Ricardo Medina,ricardo.medina@domain.com,25-03-2025,61
610,Diego Pérez,diego.pérez@hotmail.com,2025/05/23,90
611,Fernando Silva, fernando.silva@hotmail.com ,2025-02-17,62
612,Daniel Mora,"daniel,mora@example.com",20-01-2025,85
613,Carlos Sánchez,carlos.sánchez@yahoo.com,28/06/2025,91
614,Pedro Jiménez,pedro.jiménez at gmail.com,01-03-2025,74
615,Daniel López,DANIEL.LÓPEZ@DOMAIN.COM,05-04-2025,63
616,Jorge Vega,jorge.vega@yahoo.com,2025-04-05,81
617,Pedro Pérez,PEDRO.PÉREZ@YAHOO.COM,2025/02/08,96
618,Ricardo Silva,ricardo.silva@hotmail.com,2025/10/18,64
619,Daniel García,DANIEL.GARCÍA@DOMAIN.COM,29-12-2025,61
620,Andrés Martínez, andrés.martínez@domain.com ,28/05/2025,81
621,Carlos Martínez,carlos.martínez@example.com,07/04/2025,98
622,Valeria Fernández,valeria.fernández at gmail.com,08-07-2025,67
623,Elena Rojas,elena.rojas@hotmail.com,27/03/2025,85
624,Valeria Rojas,valeria.rojas@hotmail.com,2025-08-01,61
625,Miguel Mora,miguel.mora@yahoo.com,2025/03/05,97
626,Juan Silva,juan.silva@hotmail.com,2025/09/13,60
627,Daniel Ortiz,daniel.ortiz at example.com,2025-12-01,84
628,Ricardo Silva,ricardo.silva@example.com,2025/06/05,68
629,Ricardo Castro, ricardo.castro@example.com ,09-11-2025,71
630,Sofía Silva,sofía.silva@yahoo.com,15/07/2025,97
631,Luisa Jiménez,luisa.jiménez@yahoo.com,09/05/2025,69
632,Diego Sánchez,diego.sánchez at domain.com,2025-01-18,99
633,Elena Silva,elena.silva@yahoo.com,2025-01-29,66
634,Camila Vega,camila.vega at yahoo.com,2025/01/11,71
635,Carlos Gómez,carlos.gómez@yahoo.com,01/08/2025,71
636,Elena Mora,elena.mora@domain.com,2025/12/31,60
637,Valeria Mora,valeria.mora@example.com,2025-02-18,74
638,Elena Gómez, elena.gómez@hotmail.com ,27/11/2025,100
639,Carlos Silva, carlos.silva@domain.com ,2025-08-31,69
640,Andrés Jiménez,andrés.jiménez@hotnail.com,05/05/2025,83
641,Valeria Pérez,valeria.pérez@hotmail.com,17-06-2025,81
642,Jorge Ruiz,jorge.ruiz@domain.com,07-11-2025,70
643,Juan Fernández,juan.fernández@example.com,18-05-2025,76
644,Valeria Martínez,valeria.martínez@example.com,18/03/2025,93
645,Fernando Ruiz,fernando.ruiz at hotmail.com,2025-09-02,87
646,Miguel Torres, miguel.torres@yahoo.com ,2025-01-02,74
647,Alicia Martínez,alicia.martínez@@domain.com,01/11/2025,83
648,Ana Gómez,ana.gómez@gmail.com,2025-01-16,68
649,Andrés Vega,ANDRÉS.VEGA@HOTMAIL.COM,31/05/2025,87
650,Pedro Silva,PEDRO.SILVA@DOMAIN.COM,2025/01/23,60
651,Pedro López, pedro.lópez@yahoo.com ,2025-03-25,80
652,Ricardo Mora,ricardo.mora@domain.com,11/10/2025,82
653,Carlos Martínez, carlos.martínez@hotmail.com ,31-02-2025,81
654,Elena Sánchez,elena.sánchez@example.com,2025/07/22,94
655,Camila Mora,camila.mora@hotmail.com,19/04/2025,66
656,Diego García,diego.garcía@domain.com,15/08/2025,65
657,Carlos Gómez,"carlos,gómez@domain.com",2025/04/02,96
658,Juan Vega,juan.vega@yahoo.com,03/11/2025,67
659,Sofía García,sofía.garcía@hotmail.com,08-01-2025,93
660,Alicia Vega,alicia.vega@@yahoo.com,23/05/2025,81
661,Juan Ruiz,juan.ruiz@hotnail.com,2025/08/08,82
662,Jorge López, jorge.lópez@example.com ,2025-05-13,70
663,Isabel Gómez,isabel.gómez@domain.com,31-01-2025,96
664,Luisa Sánchez,luisa.sánchez at domain.com,28-09-2025,82
665,Camila Fernández,camila.fernández@@gmail.com,2025-11-02,84
666,Ana Pérez,ana.pérez@domain.com,29/01/2025,64
667,Jorge Silva,jorge.silva@yahoo.com,04-01-2025,67
668,Luisa Sánchez,luisa.sánchez@example.com,09/10/2025,73
669,Alicia Flores,alicia.flores@hotmail.com,2025-08-03,61
670,Juan Castro,"juan,castro@domain.com",2025/08/17,96
671,Sofía Castro,sofía.castro@@gmail.com,04-11-2025,85
672,Carlos Sánchez, carlos.sánchez@domain.com ,29/01/2025,100
673,Ricardo Díaz,ricardo.díaz@domain.com,2025-06-15,64
674,Carlos Castro,carlos.castro at yahoo.com,2025/03/05,63
675,Jorge Díaz,jorge.díaz@example.com,12/10/2025,84
676,Elena López,elena.lópez@yahoo.com,2025-04-17,70
677,María Fernández,maría.fernández@domain.com,12-08-2025,83
678,Ricardo Torres,ricardo.torres@hotmail.com,2025/07/31,85
679,Camila Flores,camila.flores@domain.com,2025-09-27,89
680,Camila Pérez,camila.pérez@hotmail.com,25-10-2025,73
681,Fernando Pérez, fernando.pérez@example.com ,19/09/2025,89
682,Luisa Medina,luisa.medina@yahoo.com,19/07/2025,95
683,Sofía Torres, sofía.torres@domain.com ,13-06-2025,95
684,Laura López,laura.lópez@hotmail.com,12/10/2025,68
685,Ana Pérez,ana.pérez@hotmail.com,2025/10/30,91
686,Laura Díaz, laura.díaz@yahoo.com ,2025-05-09,64
687,Fernando Castro,fernando.castro@domain.com,2025/04/19,70
688,Fernando Gómez,fernando.gómez@yahoo.com,03/02/2025,71
689,María Castro,maría.castro@yahoo.com,2025/02/20,67
690,Miguel Pérez,miguel.pérez@domain.com,2025-11-27,89
691,Juan Rojas,juan.rojas@example.com,01/08/2025,89
692,Valeria Ruiz,valeria.ruiz@gamil.com,2025/05/29,71
693,Elena García,elena.garcía@yahoo.com,2025/06/10,93
694,Laura Jiménez, laura.jiménez@gmail.com ,03-05-2025,63
695,Camila López,camila.lópez@yahoo.com,2025-09-06,63
696,Diego Silva,diego.silva@domain.com,27/09/2025,98
697,Laura Ramírez,laura.ramírez@gamil.com,23-07-2025,78
698,Valeria Rojas,valeria.rojas@@yahoo.com,04/08/2025,63
699,Ricardo Rojas,ricardo.rojas at example.com,02/04/2025,60
700,Daniel Gómez,daniel.gómez@domain.com,2025/11/02,65
701,Camila Martínez,camila.martínez@gmail.com,2025/09/20,94
702,Ricardo Medina,ricardo.medina@example.com,08/12/2025,95
703,Fernando Gómez,fernando.gómez at example.com,2025-04-20,91
704,Andrés Mora,andrés.mora@domain.com,22/05/2025,87
705,María Ramírez,maría.ramírez@@domain.com,04-01-2025,86
706,Juan Ruiz,juan.ruiz@gmail.com,2025/10/12,85
707,Isabel Díaz, isabel.díaz@yahoo.com ,13/08/2025,67
708,Valeria Vega,valeria.vega@hotmail.com,2025-07-30,71
709,Isabel Mora,isabel.mora@gmail.com,2025/05/26,93
710,Ricardo Fernández,ricardo.fernández@domain.com,2025/10/27,96
711,Camila Martínez,camila.martínez@domain.com,2025-11-21,67
712,Camila Castro,camila.castro@hotmail.com,31/05/2025,97
713,Alicia Torres,alicia.torres at yahoo.com,27/03/2025,92
714,Camila Medina,camila.medina@@hotmail.com,2025-09-18,65
715,Camila Medina,camila.medina at domain.com,24/09/2025,96
716,Camila Jiménez,camila.jiménez at yahoo.com,2025/08/31,66
717,Isabel Pérez,isabel.pérez@example.com,2025-06-18,90
718,Ricardo Vega,ricardo.vega@yahoo.com,2025-12-26,79
719,Valeria Ortiz,valeria.ortiz@domain.com,2025/10/13,68
720,Pedro García,pedro.garcía@yahoo.com,19/05/2025,94
721,Valeria Mora,valeria.mora@example.com,30-01-2025,76
722,Juan Fernández,juan.fernández@domain.com,2025-04-26,86
723,Jorge Flores,jorge.flores@example.com,2025/06/12,66
724,María Rojas,maría.rojas@example.com,01-02-2025,97
725,Ricardo Sánchez,ricardo.sánchez@yahoo.com,23-02-2025,83
726,Ricardo Mora,ricardo.mora@hotmail.com,2025/12/01,99
727,Fernando Medina,fernando.medina@gmail.com,31-02-2025,62
728,Ana Medina,ana.medina at yahoo.com,2025/12/18,61
729,Jorge Gómez,jorge.gómez@hotmail.com,30/08/2025,66
730,Ricardo Ramírez,ricardo.ramírez@yahoo.com,2025/03/28,90
731,Valeria Castro,valeria.castro@example.com,2025/04/17,77
732,Isabel Vega,isabel.vega@gmail.com,13-09-2025,61
733,Diego Pérez,diego.pérez@example.com,07-02-2025,60
734,María Medina,MARÍA.MEDINA@GMAIL.COM,05/05/2025,67
735,Daniel Ortiz,daniel.ortiz@example.com,03/03/2025,93
736,Fernando Pérez,fernando.pérez@hotmail.com,09/07/2025,61
737,Valeria Vega,valeria.vega@hotmail.com,22-01-2025,81
738,Jorge Ruiz,jorge.ruiz@yahoo.com,2025/10/12,92
739,Jorge Gómez,jorge.gómez@domain.com,2025-04-22,64
740,María Medina,maría.medina@gmail.com,2025/08/09,65
741,Jorge Mora,jorge.mora@@gmail.com,01-01-2025,81
742,Fernando Díaz,fernando.díaz@example.com,2025-02-23,93
743,Daniel Martínez,daniel.martínez at domain.com,2025/10/12,93
744,Fernando Jiménez,FERNANDO.JIMÉNEZ@GMAIL.COM,2025/04/08,64
745,Jorge Vega,jorge.vega@gmail.com,2025-12-12,70
746,Diego Díaz,diego.díaz at yahoo.com,2025/05/29,91
747,Miguel Ruiz,miguel.ruiz@domain.com,05-02-2025,73
748,Carlos García,carlos.garcía@domain.com,29-03-2025,76
749,Miguel Silva,miguel.silva@hotmail.com,2025/09/23,65
750,Camila Flores,camila.flores@example.com,18-05-2025,80
751,Daniel Pérez,daniel.pérez@domain.com,2025/03/15,94
752,Jorge Díaz,jorge.díaz@example.com,2025-08-30,83
753,Ricardo Rojas,ricardo.rojas@gmail.com,30-05-2025,80
754,Luisa Vega,luisa.vega@example.com,2025/01/12,67
755,Valeria García,valeria.garcía at domain.com,2025-04-06,99
756,Alicia García,alicia.garcía@hotmail.com,03/10/2025,86
757,Diego López,diego.lópez@example.com,29-10-2025,100
758,María Flores,maría.flores@example.com,2025/06/24,69
759,Daniel Ruiz,daniel.ruiz@example.com,2025/10/19,99
760,Pedro Castro,pedro.castro@yahoo.com,2025-10-25,77
761,Alicia Fernández,alicia.fernández at domain.com,26/09/2025,87
762,Elena Jiménez,elena.jiménez@hotmail.com,23-05-2025,61
763,Miguel Ruiz,miguel.ruiz@yahoo.com,2025-03-11,60
764,Daniel López,daniel.lópez@hotmail.com,26-12-2025,95
765,Ricardo Torres,RICARDO.TORRES@HOTMAIL.COM,22-06-2025,94
766,Ricardo Fernández,ricardo.fernández@hotmail.com,27-11-2025,64
767,Ana Pérez, ana.pérez@yahoo.com ,2025/05/20,87
768,Pedro Ramírez,PEDRO.RAMÍREZ@EXAMPLE.COM,2025/10/04,72
769,Jorge Ruiz,jorge.ruiz@gmail.com,22/12/2025,87
770,Valeria Ortiz,valeria.ortiz@yahoo.com,2025-11-28,74
771,Elena Mora,elena.mora@gmail.com,2025/07/22,63
772,Isabel Rojas,isabel.rojas@yahoo.com,21-02-2025,84
773,Ricardo Ramírez,RICARDO.RAMÍREZ@DOMAIN.COM,2025/06/25,97
774,Laura Fernández,laura.fernández@yahoo.com,28-08-2025,79
775,Diego Ortiz,diego.ortiz@gamil.com,02/05/2025,100
776,Elena Ruiz,elena.ruiz@yahoo.com,18-11-2025,77
777,Juan Ramírez,juan.ramírez at gmail.com,23/02/2025,87
778,Alicia Rojas,alicia.rojas@yahoo.com,2025/04/25,91
779,Daniel Ruiz, daniel.ruiz@gmail.com ,2025/04/08,96
780,Laura Martínez,laura.martínez@hotmail.com,05/06/2025,62
781,Isabel Ruiz,isabel.ruiz@example.com,01-08-2025,98
782,Ana Silva,ana.silva at hotmail.com,2025/02/14,87
783,Jorge Ramírez,jorge.ramírez@yahoo.com,2025/03/20,78
784,Ricardo Torres,ricardo.torres@example.com,2025-01-27,77
785,Isabel García,"isabel,garcía@gmail.com",2025-01-16,73
786,Luisa Silva,luisa.silva@yahoo.com,2025/06/21,73
787,Luisa Silva,luisa.silva@gmail.com,19/11/2025,84
788,Daniel García,daniel.garcía@hotmail.com,03/01/2025,61
789,Laura Ortiz,LAURA.ORTIZ@DOMAIN.COM,28-11-2025,87
790,Laura Pérez,laura.pérez@yahoo.com,13/11/2025,62
791,Isabel Rojas, isabel.rojas@domain.com ,2025/10/17,89
792,Valeria Gómez,valeria.gómez@example.com,26-02-2025,94
793,Jorge Fernández,jorge.fernández@hotmail.com,2025/09/09,95
794,Juan Ortiz,juan.ortiz@yahoo.com,2025-09-08,78
795,Elena Ortiz, elena.ortiz@hotmail.com ,26-09-2025,90
796,Sofía López, sofía.lópez@domain.com ,2025-03-27,79
797,Andrés Flores,andrés.flores@yahoo.com,2025/01/21,86
798,Alicia Mora,alicia.mora@@gmail.com,2025-09-03,65
799,Laura Fernández,laura.fernández@@domain.com,2025/12/16,89
800,Juan Mora,juan.mora at example.com,04-06-2025,96
801,Andrés Ramírez,andrés.ramírez@example.com,2025-05-23,63
802,Isabel López, isabel.lópez@yahoo.com ,16/08/2025,74
803,Valeria Jiménez,valeria.jiménez@domain.com,14-10-2025,98
804,Ricardo Pérez,ricardo.pérez@domain.com,2025-02-02,100
805,Daniel Castro,daniel.castro@gmail.com,04/02/2025,81
806,Sofía Torres,sofía.torres@yahoo.com,25/06/2025,90
807,María Mora, maría.mora@domain.com ,2025/06/29,90
808,María Sánchez,maría.sánchez@hotmail.com,19/12/2025,62
809,Diego Gómez,diego.gómez@example.com,21-12-2025,70
810,Laura Pérez,laura.pérez@example.com,2025/07/10,70
811,Pedro Medina,pedro.medina@gmail.com,2025/07/26,92
812,Carlos Pérez,carlos.pérez@domain.com,2025-10-05,83
813,Pedro Sánchez,pedro.sánchez@yahoo.com,12/12/2025,75
814,Fernando Gómez,fernando.gómez@yahoo.com,2025/11/17,82
815,Ana Ramírez,ana.ramírez@gmail.com,2025/12/21,78
816,Carlos Gómez,carlos.gómez@example.com,06/07/2025,81
817,Diego Pérez,diego.pérez@domain.com,2025-09-29,70
818,Alicia Martínez,alicia.martínez at yahoo.com,29/07/2025,66
819,Isabel Ortiz,isabel.ortiz@domain.com,16/05/2025,67
820,Juan García,juan.garcía at gmail.com,30-12-2025,61
821,Valeria Torres,"valeria,torres@hotmail.com",09/06/2025,92
822,Sofía Ortiz,sofía.ortiz@@gmail.com,26-09-2025,65
823,Daniel Pérez,daniel.pérez at gmail.com,06-09-2025,86
824,Diego García,diego.garcía@example.com,2025/09/11,72
825,Carlos Ortiz,carlos.ortiz@domain.com,2025-02-20,85
826,Camila López,camila.lópez@hotmail.com,21-07-2025,94
827,Jorge Jiménez,jorge.jiménez@gmail.com,2025/06/25,60
828,Alicia Ramírez,alicia.ramírez@hotnail.com,06/06/2025,90
829,María Torres,maría.torres@domain.com,2025-02-05,60
830,Miguel Martínez,MIGUEL.MARTÍNEZ@YAHOO.COM,15/05/2025,93
831,María López, maría.lópez@yahoo.com ,01-10-2025,65
832,Camila Flores,camila.flores at example.com,21/10/2025,80
833,Miguel Silva,miguel.silva@example.com,2025-11-23,62
834,Andrés Ortiz,andrés.ortiz@domain.com,2025-04-11,64
835,Laura Torres,"laura,torres@domain.com",08/11/2025,93
836,Valeria Díaz,valeria.díaz@@domain.com,2025-02-07,67
837,María Martínez,maría.martínez at gmail.com,2025-03-30,62
838,Daniel Martínez,daniel.martínez@hotnail.com,25-08-2025,92
839,Luisa Rojas,LUISA.ROJAS@DOMAIN.COM,04/04/2025,64
840,Pedro García,pedro.garcía@yahoo.com,2025-08-28,66
841,Valeria Silva,valeria.silva@example.com,2025-04-03,91
842,Andrés Medina,andrés.medina@domain.com,08/02/2025,97
843,Pedro Torres,pedro.torres@hotmail.com,2025-04-04,84
844,Alicia Torres,alicia.torres@hotmail.com,2025/08/24,84
845,Juan Fernández,"juan,fernández@yahoo.com",2025/06/10,69
846,Carlos Flores,carlos.flores@domain.com,20-07-2025,63
847,Isabel García,isabel.garcía at yahoo.com,2025-07-08,62
848,Valeria López, valeria.lópez@yahoo.com ,2025/12/22,60
849,Laura Fernández,laura.fernández@yahoo.com,06/07/2025,66
850,Daniel Martínez, daniel.martínez@hotmail.com ,19-10-2025,99
851,Isabel García,ISABEL.GARCÍA@DOMAIN.COM,14-04-2025,67
852,Ana Silva,ana.silva@example.com,2025/07/30,75
853,Miguel Sánchez,MIGUEL.SÁNCHEZ@HOTMAIL.COM,2025/02/06,87
854,Alicia Medina,"alicia,medina@example.com",2025-02-09,83
855,Pedro Ramírez,pedro.ramírez@hotmail.com,2025/01/28,91
856,Luisa Castro,luisa.castro@domain.com,20/04/2025,97
857,Miguel Fernández,miguel.fernández@example.com,02/01/2025,61
858,Isabel Jiménez,isabel.jiménez at domain.com,2025/02/13,60
859,Diego Ortiz,diego.ortiz@domain.com,2025-12-01,82
860,Fernando Castro,FERNANDO.CASTRO@EXAMPLE.COM,2025-07-26,94
861,Sofía Gómez,sofía.gómez@domain.com,05/04/2025,74
862,Jorge Fernández,jorge.fernández@gmail.com,2025/11/17,68
863,Pedro Medina,pedro.medina@hotmail.com,2025/10/11,71
864,Alicia López,alicia.lópez@gmail.com,2025-07-14,62
865,María Rojas,maría.rojas@hotnail.com,08-03-2025,62
866,Diego García,diego.garcía@gmail.com,2025/06/19,78
867,Ana Díaz,ana.díaz@hotmail.com,08-12-2025,96
868,Valeria Silva,valeria.silva at hotmail.com,2025-07-16,71
869,Luisa Díaz,luisa.díaz@domain.com,09-07-2025,89
870,Alicia García,alicia.garcía@domain.com,2025/04/17,97
871,Fernando Gómez,fernando.gómez@@yahoo.com,2025-06-01,68
872,Camila Mora,camila.mora@yahoo.com,04-09-2025,76
873,Carlos Sánchez,carlos.sánchez@domain.com,17-07-2025,81
874,Daniel Ortiz,daniel.ortiz@yahoo.com,2025/08/30,89
875,Isabel Fernández,isabel.fernández@hotnail.com,2025/01/12,91
876,Andrés Fernández,andrés.fernández@hotnail.com,2025-04-04,84
877,Ricardo Gómez,ricardo.gómez@gmail.com,02-08-2025,86
878,Laura Silva,laura.silva@example.com,2025/09/15,76
879,Sofía Silva,sofía.silva@example.com,2025/02/07,92
880,Valeria Ramírez,VALERIA.RAMÍREZ@DOMAIN.COM,01/05/2025,60
881,Alicia Ruiz,alicia.ruiz@gmail.com,14/04/2025,94
882,Ana Sánchez,ana.sánchez@domain.com,2025/01/14,89
883,Sofía Fernández,sofía.fernández@yahoo.com,2025-12-03,62
884,Ana Ortiz,ana.ortiz@gmail.com,28/05/2025,81
885,María Sánchez,maría.sánchez@domain.com,11/02/2025,91
886,Jorge Ramírez,jorge.ramírez@hotmail.com,17-12-2025,86
887,Pedro Díaz,PEDRO.DÍAZ@EXAMPLE.COM,31/03/2025,97
888,Camila Ortiz,camila.ortiz@domain.com,04-10-2025,88
889,Alicia García,alicia.garcía@hotmail.com,2025-03-16,95
890,Alicia García,alicia.garcía@gmail.com,2025/09/29,86
891,Pedro Rojas, pedro.rojas@gmail.com ,30-05-2025,66
892,María Ruiz,maría.ruiz at example.com,09-09-2025,89
893,Carlos Ramírez,carlos.ramírez@yahoo.com,2025/11/26,86
894,Andrés Vega,andrés.vega@hotnail.com,13/04/2025,60
895,Laura Ruiz,laura.ruiz@@example.com,2025/04/20,100
896,Camila López,camila.lópez@hotmail.com,02-08-2025,66
897,Ricardo Gómez,ricardo.gómez@example.com,12/05/2025,87
898,Daniel Ruiz,daniel.ruiz@@hotmail.com,2025/01/26,74
899,Juan Pérez,juan.pérez@example.com,29/07/2025,66
900,Miguel Rojas,MIGUEL.ROJAS@YAHOO.COM,17-10-2025,62
901,Camila Mora,"camila,mora@yahoo.com",01-05-2025,85
902,Carlos Jiménez,carlos.jiménez@hotmail.com,27/03/2025,98
903,Isabel Fernández,isabel.fernández@domain.com,09-06-2025,92
904,Laura Díaz,laura.díaz@example.com,23/07/2025,91
905,Camila Gómez,camila.gómez@example.com,2025/01/01,85
906,Ana García,ana.garcía@yahoo.com,28/06/2025,73
907,Daniel López,daniel.lópez@gmail.com,11/11/2025,99
908,Daniel Torres,daniel.torres@domain.com,01-02-2025,67
909,Ricardo Vega,ricardo.vega@gamil.com,31/07/2025,94
910,María Medina,maría.medina@example.com,29/04/2025,68
911,Sofía Díaz,sofía.díaz@yahoo.com,2025/08/25,73
912,Carlos Castro,carlos.castro at hotmail.com,10-01-2025,91
913,Miguel Ruiz,miguel.ruiz@@example.com,31-02-2025,99
914,Luisa Castro, luisa.castro@hotmail.com ,27-12-2025,62
915,Pedro Mora,pedro.mora@domain.com,2025/06/15,95
916,Pedro Sánchez,pedro.sánchez@gmail.com,2025-09-12,67
917,Fernando Pérez,fernando.pérez@@domain.com,25/06/2025,89
918,Jorge Silva,jorge.silva@yahoo.com,2025/08/31,72
919,Ana Vega,ana.vega@example.com,2025-04-13,64
920,Camila Silva,camila.silva@yahoo.com,25/10/2025,60
921,Andrés Ortiz,andrés.ortiz@gmail.com,01/11/2025,64
922,Valeria Vega,valeria.vega@yahoo.com,2025-10-25,79
923,Valeria Silva,valeria.silva@yahoo.com,2025/02/09,89
924,Luisa Díaz, luisa.díaz@domain.com ,08/01/2025,76
925,Ricardo Pérez,ricardo.pérez@@domain.com,2025-07-23,84
926,Alicia Torres,alicia.torres@hotmail.com,14/06/2025,63
927,Valeria Flores,valeria.flores@domain.com,01-08-2025,78
928,Valeria Sánchez,valeria.sánchez@@domain.com,03-05-2025,95
929,Alicia Gómez,alicia.gómez@example.com,2025-04-09,72
930,Pedro Silva,pedro.silva@hotmail.com,19-05-2025,85
931,Fernando Ortiz,fernando.ortiz@example.com,2025-08-06,84
932,Ricardo Torres,ricardo.torres@domain.com,21-02-2025,90
933,Miguel Sánchez,miguel.sánchez@domain.com,2025/10/11,91
934,Juan Vega,juan.vega@example.com,08/06/2025,80
935,María Sánchez,maría.sánchez@@gmail.com,2025-05-24,61
936,Diego Ruiz,diego.ruiz@example.com,2025-03-30,60
937,Andrés Jiménez,andrés.jiménez@hotmail.com,2025/10/06,85
938,Camila Fernández,"camila,fernández@gmail.com",2025-08-28,94
939,Alicia Ruiz, alicia.ruiz@yahoo.com ,03-01-2025,91
940,Camila López, camila.lópez@domain.com ,09/08/2025,98
941,Valeria Martínez,valeria.martínez@gmail.com,2025/06/01,95
942,Pedro Ramírez,pedro.ramírez@domain.com,05/11/2025,78
943,Diego Sánchez,diego.sánchez@domain.com,18-07-2025,76
944,Diego Díaz,diego.díaz@yahoo.com,2025/05/09,87
945,Laura Ramírez,laura.ramírez@hotmail.com,2025-03-12,94
946,Valeria Ramírez,valeria.ramírez@yahoo.com,26-06-2025,95
947,Valeria Torres,valeria.torres@hotmail.com,2025/06/28,76
948,Andrés Torres,andrés.torres@yahoo.com,2025/09/20,79
949,Isabel Díaz,isabel.díaz@gmail.com,2025/01/18,77
950,Miguel Vega,"miguel,vega@example.com",18/03/2025,93
951,Pedro Silva,pedro.silva@@example.com,2025/12/22,100
952,Laura Jiménez,laura.jiménez@domain.com,2025/11/28,68
953,Fernando Ramírez,fernando.ramírez@yahoo.com,2025-12-16,73
954,Pedro Silva,"pedro,silva@example.com",21/09/2025,63
955,Camila Rojas,camila.rojas at domain.com,01/11/2025,64
956,Pedro Díaz,pedro.díaz at hotmail.com,28-08-2025,72
957,Ricardo López,"ricardo,lópez@domain.com",2025/10/29,93
958,Carlos López,carlos.lópez@yahoo.com,2025/09/17,100
959,Ana García,ana.garcía@hotmail.com,2025/09/06,91
960,Jorge Díaz, jorge.díaz@yahoo.com ,2025-06-22,79
961,Elena Silva,elena.silva@gmail.com,21-01-2025,63
962,Diego Medina,diego.medina@domain.com,2025/03/19,98
963,Jorge Mora,jorge.mora@gmail.com,27/05/2025,66
964,Laura Flores,laura.flores@yahoo.com,28-04-2025,89
965,Camila Rojas,camila.rojas@hotmail.com,21/10/2025,70
966,María Sánchez,maría.sánchez@example.com,22-06-2025,96
967,Elena Mora,elena.mora@@domain.com,2025-09-15,79
968,Sofía Sánchez,sofía.sánchez at example.com,12/12/2025,75
969,Sofía Medina,sofía.medina@gmail.com,2025-05-07,64
970,Juan Jiménez,juan.jiménez at example.com,2025/10/26,83
971,Laura López,laura.lópez@gamil.com,2025/07/16,65
972,Alicia Díaz,alicia.díaz@gmail.com,2025-01-16,71
973,Jorge Flores,jorge.flores@hotmail.com,2025-05-04,85
974,Camila Ortiz,CAMILA.ORTIZ@GMAIL.COM,2025/06/28,74
975,Ana Silva,"ana,silva@yahoo.com",2025-06-07,98
976,Sofía García,sofía.garcía@@hotmail.com,16/04/2025,92
977,Laura Fernández,laura.fernández@domain.com,18-11-2025,89
978,Daniel Ruiz,daniel.ruiz@gmail.com,2025-08-24,81
979,Ana Castro, ana.castro@hotmail.com ,2025/01/22,76
980,Isabel Fernández,isabel.fernández@example.com,25/06/2025,86
981,Pedro Silva,pedro.silva@domain.com,26/10/2025,85
982,Juan Castro,juan.castro@gmail.com,16-04-2025,99
983,Sofía Rojas,sofía.rojas@example.com,16/05/2025,82
984,Camila Díaz,camila.díaz@gmail.com,12/08/2025,73
985,Andrés Castro,andrés.castro at example.com,2025/12/04,81
986,Diego Fernández,diego.fernández at gmail.com,2025-10-11,85
987,Camila Ramírez,camila.ramírez@hotmail.com,2025-10-18,78
988,Luisa Rojas,luisa.rojas@gmail.com,18-11-2025,62
989,Luisa Ruiz,luisa.ruiz@yahoo.com,01/02/2025,86
990,Alicia Ortiz,alicia.ortiz@domain.com,18/12/2025,70
991,Daniel Mora,daniel.mora@hotmail.com,02/02/2025,70
992,Andrés Sánchez,andrés.sánchez at example.com,2025-01-08,75
993,Luisa Mora, luisa.mora@yahoo.com ,14-01-2025,74
994,Carlos Mora,"carlos,mora@gmail.com",2025-07-05,74
995,Alicia Mora,alicia.mora@hotmail.com,2025-05-08,64
996,Ricardo Mora,ricardo.mora@hotmail.com,2025/11/05,70
997,Diego Díaz,diego.díaz@example.com,2025-02-20,89
998,Jorge Ruiz,jorge.ruiz@domain.com,13/08/2025,70
999,Jorge Torres,jorge.torres@domain.com,2025-06-05,98
1000,Ricardo Díaz,ricardo.díaz at gmail.com,2025-11-26,90
